{"resources":[{"name":"values","data":{"pr_R2":1.0007681934969637e-18,"pr_S":3.1203274680736475e-5,"beta":0.32995194858478355,"pr_I2":0.00096291890970658849,"psi":0.00026871174388824162,"pr_I1":0.00096014493101812112,"alpha_inv":6067.0532774427029,"pr_R1":1.0875453693417634e-18,"i":1.4518534022276178e-5,"gamma_inv":4.6796052665433123,"rep":0.12022751324741338,"e":0.53369782030799817,"d":0.98491352364926144,"pr_S1":0.19750420821677586,"pr_S2":0.27126638749950144}},{"format":"json","name":"covariance","data":{"pr_S1":{"pr_S1":0.040000000000000001},"psi":{"psi":0.040000000000000001},"pr_I2":{"pr_I2":0.040000000000000001},"pr_I1":{"pr_I1":0.040000000000000001},"alpha_inv":{"alpha_inv":0.02},"beta":{"beta":0.040000000000000001},"pr_S":{"pr_S":0.040000000000000001},"pr_R2":{"pr_R2":0.040000000000000001},"pr_S2":{"pr_S2":0.040000000000000001},"gamma_inv":{"gamma_inv":0.040000000000000001},"i":{"i":0.040000000000000001},"pr_R1":{"pr_R1":0.040000000000000001},"rep":{"rep":0.02},"e":{"e":0.02},"d":{"d":0.02}}},{"format":"json","name":"summary","data":{"id":0,"log_ltp":null,"AICc":6548.1738839460731,"n_parameters":15,"AIC":6546.8255693393312,"DIC":6516.8255693393312,"log_likelihood":-3258.4127846696656,"sum_squares":null,"n_data":372}}]}
