{
  "resources": [
    {
      "name": "values",
      "data": {
        "psi": 1.9517354534511067,
        "pr_i": 3.2124750669546187,
        "pr_I2": 0.00099995343884908537,
        "pr_I1": 0.00099450146812943437,
        "alpha_inv": 67.089677707586674,
        "e": 0.49249985310987382,
        "rep": 0.007395977917252332,
        "beta": 0.10030762081840636,
        "pr_S": 0.056937734103771377,
        "pr_R2": 0.034690986675145898,
        "gamma_inv": 19.999999984140182,
        "pr_R1": 0.093272562258916253,
        "d": 0.75960953255895591,
        "pr_S1": 1.8441995356892307e-7,
        "pr_S2": 0.028414940992389615
      }
    },
    {
      "name": "covariance",
      "format": "json",
      "data": {
        "pr_i": {
          "pr_i": 0.040000000000000001
        },
        "pr_I2": {
          "pr_I2": 0.040000000000000001
        },
        "pr_I1": {
          "pr_I1": 0.040000000000000001
        },
        "alpha_inv": {
          "alpha_inv": 0.02
        },
        "psi": {
          "psi": 0.040000000000000001
        },
        "pr_S1": {
          "pr_S1": 0.040000000000000001
        },
        "pr_R2": {
          "pr_R2": 0.040000000000000001
        },
        "pr_S": {
          "pr_S": 0.040000000000000001
        },
        "beta": {
          "beta": 0.040000000000000001
        },
        "pr_S2": {
          "pr_S2": 0.040000000000000001
        },
        "d": {
          "d": 0.02
        },
        "pr_R1": {
          "pr_R1": 0.040000000000000001
        },
        "gamma_inv": {
          "gamma_inv": 0.040000000000000001
        },
        "e": {
          "e": 0.02
        },
        "rep": {
          "rep": 0.02
        }
      }
    },
    {
      "name": "summary",
      "format": "json",
      "data": {
        "id": 19,
        "log_ltp": -3032.8681420000712,
        "AICc": null,
        "n_parameters": 15,
        "AIC": null,
        "DIC": null,
        "log_likelihood": null,
        "sum_squares": null,
        "n_data": 372
      }
    }
  ]
}