{
  "resources": [
    {
      "name": "values",
      "data": {
        "rep": 0.04999999999999926,
        "pr_i": 1.8874368725743407e-50,
        "alpha_inv": 1200.0,
        "pr_S": 0.94999999999999996,
        "beta": 0.55701151490056244,
        "gamma_inv": 1.8809034055927023,
        "e": 0.0,
        "d": 2.2436859324755616e-6,
        "pr_I": 1.5366923374624209e-132
      }
    },
    {
      "name": "covariance",
      "format": "json",
      "data": {
        "pr_i": {
          "pr_i": 0.040000000000000001
        },
        "rep": {
          "rep": 0.02
        },
        "pr_S": {
          "pr_S": 0.040000000000000001
        },
        "beta": {
          "beta": 0.040000000000000001
        },
        "pr_I": {
          "pr_I": 0.040000000000000001
        },
        "d": {
          "d": 0.02
        },
        "gamma_inv": {
          "gamma_inv": 0.040000000000000001
        },
        "alpha_inv": {
          "alpha_inv": 0.02
        },
        "e": {
          "e": 0.02
        }
      }
    },
    {
      "format": "json",
      "name": "summary",
      "data": {
        "id": 0,
        "log_ltp": null,
        "AICc": 4095.2657285432024,
        "n_parameters": 9,
        "AIC": 4094.7684909741415,
        "DIC": 4076.7684909741415,
        "log_likelihood": -2038.3842454870708,
        "sum_squares": null,
        "n_data": 372
      }
    }
  ]
}